"URL","CODE","LABEL_EN","DESCRIPTION_EN","LABEL_FR","DESCRIPTION_FR"
"https://codelist.commonapproach.org/PalierFixeElement#2elgbtqia","2elgbtqia","","","Les personnes 2ELGBTQIA+ ciblées dans vos actions",""
"https://codelist.commonapproach.org/PalierFixeElement#PF000010","PF000010","","","L’entreprise définit son territoire d’intervention",""
"https://codelist.commonapproach.org/PalierFixeElement#PF000020","PF000020","","","Dans quelle MRC est-ce que l'entreprise agit ?",""
"https://codelist.commonapproach.org/PalierFixeElement#PF000030","PF000030","","","Option A : Est-ce que cette MRC est dans le quatrième ou cinquième quintile de dévitalisation selon ISQ ",""
"https://codelist.commonapproach.org/PalierFixeElement#PF000040","PF000040","","","Option B : Si l'entreprise est localisée dans une grande ville,  est-ce que son adresse est classé C4 ou C5 selon l'indice de défavorisation matérielle et sociale ? ",""
"https://codelist.commonapproach.org/PalierFixeElement#PF000050","PF000050","","","L’offre existante est mal adaptée aux besoins (prix, qualité, accessibilité, pertinence, etc.)",""
"https://codelist.commonapproach.org/PalierFixeElement#PF000060","PF000060","","","L’offre existante est insuffisante pour répondre aux besoins (la demande dépasse largement l’offre disponible)",""
"https://codelist.commonapproach.org/PalierFixeElement#PF000070","PF000070","","","Il n’y a pratiquement pas d’autre offre disponible (les alternatives à votre organisation sont quasi inexistantes ou très limitées)",""
"https://codelist.commonapproach.org/PalierFixeElement#PF000080","PF000080","","","L’offre constitue une alternative intéressante au marché dominant (le service ou produit proposé apporte une option différente ou complémentaire par rapport aux offres traditionnelles)",""
"https://codelist.commonapproach.org/PalierFixeElement#PF000090","PF000090","","","L'entreprise dessert des entreprises ou des personnes ? ",""
"https://codelist.commonapproach.org/PalierFixeElement#PF000100","PF000100","","","Si les deux, qui est la clientèle primaire? ",""
"https://codelist.commonapproach.org/PalierFixeElement#PF000110","PF000110","","","Est-ce que l'entreprise a un mécanisme formel pour capter le nombre de personnes OU entreprises rejointes?",""
"https://codelist.commonapproach.org/PalierFixeElement#PF000120","PF000120","","","Si oui, comment cette information est captée ? ",""
"https://codelist.commonapproach.org/PalierFixeElement#PF000140","PF000140","","","Si l'entreprise a un mécanisme formel et qu'elle dessert d'autres entreprises, combien de clients a-t-elle eu dans la dernière année financière ? ",""
"https://codelist.commonapproach.org/PalierFixeElement#PF000150","PF000150","","","Si l'entreprise dessert directement des personnes : combien de personnes ont été rejointes directement par l’ensemble des activités, programmes ou services de l’entreprise au cours de sa dernière année financière ?",""
"https://codelist.commonapproach.org/PalierFixeElement#PF000160","PF000160","","","Comment évaluez-vous l’intensité des liens avec les personnes ou entreprises rejointes? (répondre pour la clientèle primaire)",""
"https://codelist.commonapproach.org/PalierFixeElement#PF000170","PF000170","","","2ELGBTQIA+",""
"https://codelist.commonapproach.org/PalierFixeElement#PF000180","PF000180","","","Personnes noires",""
"https://codelist.commonapproach.org/PalierFixeElement#PF000190","PF000190","","","Immigrants de première génération, réfugiés et nouveaux arrivants",""
"https://codelist.commonapproach.org/PalierFixeElement#PF000200","PF000200","","","Autochtones : Premières Nations",""
"https://codelist.commonapproach.org/PalierFixeElement#PF000210","PF000210","","","Autochtones : Inuits",""
"https://codelist.commonapproach.org/PalierFixeElement#PF000220","PF000220","","","Autochtones : Métis",""
"https://codelist.commonapproach.org/PalierFixeElement#PF000230","PF000230","","","Autochtones : Non spécifié",""
"https://codelist.commonapproach.org/PalierFixeElement#PF000240","PF000240","","","Communautés de langue officielle en situation minoritaire",""
"https://codelist.commonapproach.org/PalierFixeElement#PF000260","PF000260","","","Personnes vivant avec un handicap (y compris les handicaps invisibles et épisodiques)",""
"https://codelist.commonapproach.org/PalierFixeElement#PF000270","PF000270","","","Femmes",""
"https://codelist.commonapproach.org/PalierFixeElement#PF000280","PF000280","","","Personnes de diverses identités de genre",""
"https://codelist.commonapproach.org/PalierFixeElement#PF000290","PF000290","","","Les personnes vivant de la précarité économique ",""
"https://codelist.commonapproach.org/PalierFixeElement#PF000300","PF000300","","","Les personnes en situation d'itinérance",""
"https://codelist.commonapproach.org/PalierFixeElement#PF000310","PF000310","","","Les personnes aînées ",""
"https://codelist.commonapproach.org/PalierFixeElement#PF000320","PF000320","","","Les jeunes de 35 ans et moins ",""
"https://codelist.commonapproach.org/PalierFixeElement#PF000340","PF000340","","","Toutes autres groupes méirtant l'équité",""
"https://codelist.commonapproach.org/PalierFixeElement#PF000460","PF000460","","","Municipalité",""
"https://codelist.commonapproach.org/PalierFixeElement#PF000470","PF000470","","","MRC",""
"https://codelist.commonapproach.org/PalierFixeElement#PF000480","PF000480","","","Provincial",""
"https://codelist.commonapproach.org/PalierFixeElement#PF000490","PF000490","","","Fédéral",""
"https://codelist.commonapproach.org/PalierFixeElement#PF000500","PF000500","","","Instance de concertation (Tables de quartier, Corporation de Développement Communautaire, etc.)",""
"https://codelist.commonapproach.org/PalierFixeElement#PF000510","PF000510","","","Entreprises et/ou organisations voisines",""
"https://codelist.commonapproach.org/PalierFixeElement#PF000520","PF000520","","","Société civile",""
"https://codelist.commonapproach.org/PalierFixeElement#PF000530","PF000530","","","Entreprises du même secteur d'activité",""
"https://codelist.commonapproach.org/PalierFixeElement#PF000540","PF000540","","","Regroupements, fédérations, comités sectoriels",""
"https://codelist.commonapproach.org/PalierFixeElement#PF000550","PF000550","","","Partenaires financiers de la finance solidaire (Fiducie, RISQ, Fondaction, Caisse d'économie solidaire, etc.)",""
"https://codelist.commonapproach.org/PalierFixeElement#PF000560","PF000560","","","Institution financière locale (caisse Desjardins locale, etc.)",""
"https://codelist.commonapproach.org/PalierFixeElement#PF000570","PF000570","","","Municipalité",""
"https://codelist.commonapproach.org/PalierFixeElement#PF000580","PF000580","","","MRC",""
"https://codelist.commonapproach.org/PalierFixeElement#PF000590","PF000590","","","Provincial",""
"https://codelist.commonapproach.org/PalierFixeElement#PF000600","PF000600","","","Fédéral",""
"https://codelist.commonapproach.org/PalierFixeElement#PF000610","PF000610","","","Instance de concertation (Tables de quartier, Corporation de Développement Communautaire, etc.)",""
"https://codelist.commonapproach.org/PalierFixeElement#PF000620","PF000620","","","Entreprises et/ou organisations voisines",""
"https://codelist.commonapproach.org/PalierFixeElement#PF000630","PF000630","","","Société civile",""
"https://codelist.commonapproach.org/PalierFixeElement#PF000640","PF000640","","","Entreprises du même secteur d'activité",""
"https://codelist.commonapproach.org/PalierFixeElement#PF000650","PF000650","","","Regroupements, fédérations, comités sectoriels",""
"https://codelist.commonapproach.org/PalierFixeElement#PF000660","PF000660","","","Partenaires financiers de la finance solidaire (Fiducie, RISQ, Fondaction, Caisse d'économie solidaire, etc.)",""
"https://codelist.commonapproach.org/PalierFixeElement#PF000670","PF000670","","","Institution financière locale (caisse Desjardins locale, etc.)",""
"https://codelist.commonapproach.org/PalierFixeElement#PF000680","PF000680","","","Si l’entreprise dessert une ou plusieurs populations particulières (voir indicateur 1.B.1), est-ce que l’organisation tisse des liens avec des organismes et/ou des groupes qui représentent et desservent ces mêmes populations ? ",""
"https://codelist.commonapproach.org/PalierFixeElement#PF000690","PF000690","","","Si oui, lesquels ?",""
"https://codelist.commonapproach.org/PalierFixeElement#PF000700","PF000700","","","Est-ce que l'entreprise a une politique d'approvisionnement dans laquelle elle nomme prioriser les achats chez les fournisseurs et producteurs locaux? ",""
"https://codelist.commonapproach.org/PalierFixeElement#PF000710","PF000710","","","Est-ce que l'entreprise est en mesure de suivre les montants ($) effectués chez les fournisseurs et producteurs locaux ?",""
"https://codelist.commonapproach.org/PalierFixeElement#PF000720","PF000720","","","Si oui: montant total des achats (biens et services) effectués auprès de fournisseurs et/ou producteurs dans la dernière année financière",""
"https://codelist.commonapproach.org/PalierFixeElement#PF000730","PF000730","","","Si non: choisir la fourchette (%) appropriée selon l'estimation ",""
"https://codelist.commonapproach.org/PalierFixeElement#PF000740","PF000740","","","Emplois permanents",""
"https://codelist.commonapproach.org/PalierFixeElement#PF000750","PF000750","","","Emplois à durée déterminée ",""
"https://codelist.commonapproach.org/PalierFixeElement#PF000760","PF000760","","","Emplois à court terme et occasionnels",""
"https://codelist.commonapproach.org/PalierFixeElement#PF000770","PF000770","","","Apprentis, stagiaires et apprentis rémunérés",""
"https://codelist.commonapproach.org/PalierFixeElement#PF000780","PF000780","","","Structure générale",""
"https://codelist.commonapproach.org/PalierFixeElement#PF000790","PF000790","","","Types de membres",""
"https://codelist.commonapproach.org/PalierFixeElement#PF000800","PF000800","","","Participation à la gouvernance",""
"https://codelist.commonapproach.org/PalierFixeElement#PF000810","PF000810","","","Quel est le nombre de membres ayant le droit d'assister à l'AGA pour la dernière année financère? ",""
"https://codelist.commonapproach.org/PalierFixeElement#PF000820","PF000820","","","Quel est le nombre membres présents lors de la dernière AGA ? ",""
"https://codelist.commonapproach.org/PalierFixeElement#PF000830","PF000830","","","Quel est le pourcentage de présence ?",""
"https://codelist.commonapproach.org/PalierFixeElement#PF000840","PF000840","","","Si l'entreprise tient un registre des membres, quel est le nombre de nouveaux membres inscrits dans la dernière année financière ?",""
"https://codelist.commonapproach.org/PalierFixeElement#PF000850","PF000850","","","Taux de croissance des membres de la dernière année financière",""
"https://codelist.commonapproach.org/PalierFixeElement#PF000860","PF000860","","","Comités thématiques",""
"https://codelist.commonapproach.org/PalierFixeElement#PF000870","PF000870","","","Sondages ou questionnaires",""
"https://codelist.commonapproach.org/PalierFixeElement#PF000880","PF000880","","","Entretiens",""
"https://codelist.commonapproach.org/PalierFixeElement#PF000890","PF000890","","","Focus groupes",""
"https://codelist.commonapproach.org/PalierFixeElement#PF000900","PF000900","","","Les contributions issues des consultations et/ou processsus participatifs des membres, partenaires, bénéficiaires, etc.) sont prises en compte dans les décisions stratégiques du conseil d'administration (CA) et lors de l'assemblée générale (AGA) ?",""
"https://codelist.commonapproach.org/PalierFixeElement#PF000910","PF000910","","","Personne(s) salariée(s)",""
"https://codelist.commonapproach.org/PalierFixeElement#PF000920","PF000920","","","Partenaire(s)",""
"https://codelist.commonapproach.org/PalierFixeElement#PF000930","PF000930","","","Bénéficiaire(s), client(s) ou usager(s)",""
"https://codelist.commonapproach.org/PalierFixeElement#PF000940","PF000940","","","Personne(s) observatrice(s)",""
"https://codelist.commonapproach.org/PalierFixeElement#PF000950","PF000950","","","Formations",""
"https://codelist.commonapproach.org/PalierFixeElement#PF000960","PF000960","","","Soutien financier (ex : transport payé, ordinateur prêté, etc.)",""
"https://codelist.commonapproach.org/PalierFixeElement#PF000970","PF000970","","","Mentorat par d’autres personnes administratrices",""
"https://codelist.commonapproach.org/PalierFixeElement#PF000980","PF000980","","","Autres",""
"https://codelist.commonapproach.org/PalierFixeElement#PF000990","PF000990","","","Est-ce que l’entreprise accueille des bénévoles (en excluant les personnes administratrices du CA) ? ",""
"https://codelist.commonapproach.org/PalierFixeElement#PF001000","PF001000","","","Combien d’heures bénévoles ont été effectuées dans la dernière année financière ?",""
"https://codelist.commonapproach.org/PalierFixeElement#PF001010","PF001010","","","Quel nombre de bénévoles impliqués dans la dernière année financière ?",""
"https://codelist.commonapproach.org/PalierFixeElement#PF001020","PF001020","","","Est-ce que la distribution des surplus est interdite dans les documents constitutifs de l'entreprise (coopérative) ou par le statut juridique (OBNL) ? ",""
"https://codelist.commonapproach.org/PalierFixeElement#PF001030","PF001030","","","Est-ce que le transfert du reliquat à une entité morale partageant des objectifs semblables est assuré par une Loi (coopératives) ou par les lettres patentes (OBNL) ? ",""
"https://codelist.commonapproach.org/PalierFixeElement#PF001040","PF001040","","","Ratio de capitalisation collective (actif net (actif net= actif total - passif total) sur l'actif total) ",""
"https://codelist.commonapproach.org/PalierFixeElement#PF001050","PF001050","","","Actif total",""
"https://codelist.commonapproach.org/PalierFixeElement#PF001060","PF001060","","","Actif net",""
"https://codelist.commonapproach.org/PalierFixeElement#PF001070","PF001070","","","Dans les 3 dernières années, avez-vous affecté des surplus cumulés ? Cochez toutes les réponses applicables ",""
"https://codelist.commonapproach.org/PalierFixeElement#PF001080","PF001080","","","Si oui, montant $",""
"https://codelist.commonapproach.org/PalierFixeElement#PF001090","PF001090","","","Dépenses pour renforcer la mission de l'organisme",""
"https://codelist.commonapproach.org/PalierFixeElement#PF001100","PF001100","","","Veuillez saisir le montant",""
"https://codelist.commonapproach.org/PalierFixeElement#PF001110","PF001110","","","Dans la dernière année financière, avez-vous rencontré des difficultés à atteindre le quorum lors des réunions du conseil d'administration ? ",""
"https://codelist.commonapproach.org/PalierFixeElement#PF001120","PF001120","","","Dans quelle fourchette se situe le taux de participation de votre conseil d'administration pour les rencontres tenues dans la dernière année financière ?",""
"https://codelist.commonapproach.org/PalierFixeElement#PF001130","PF001130","","","Si le taux est en dessous de 70%, quelles sont, selon vous, les raisons ? ",""
"https://codelist.commonapproach.org/PalierFixeElement#PF001140","PF001140","","","Montant totalisant les revenus autogénérés par la vente de biens ou services pour la dernière année financière (incluant les ententes de service avec l'état) ",""
"https://codelist.commonapproach.org/PalierFixeElement#PF001150","PF001150","","","Ratio d'endettemment (=passif total \"reclassé\" (sans les apports reportés ni quasi-équité ou capital patient)/actif total) ",""
"https://codelist.commonapproach.org/PalierFixeElement#PF001160","PF001160","","","Ratio de fond de roulement ",""
"https://codelist.commonapproach.org/PalierFixeElement#PF001170","PF001170","","","Ratio des liquidités immédiates (=(actifs à court-terme - inventaire) / passif à court-terme) à inscrire si l'entreprise a un inventaire ",""
"https://codelist.commonapproach.org/PalierFixeElement#PF001180","PF001180","","","Fonds générés en % des revenus (surplus nets + amortissements des actifs - amortissement des apports reportés) / revenus totaux) ",""
"https://codelist.commonapproach.org/PalierFixeElement#PF001190","PF001190","","","Ratio de la couverture de la dette (fonds générés / remboursement du capital) ",""
"https://codelist.commonapproach.org/PalierFixeElement#PF001200","PF001200","","","Ratio des revenus autogénérés (revenus provenant de la vente de biens et services, incluant les ententes de service avec l'État)",""
"https://codelist.commonapproach.org/PalierFixeElement#PF001210","PF001210","","","Score total (sur 100%)",""
"https://codelist.commonapproach.org/PalierFixeElement#PF001220","PF001220","","","Année d'incorporation légale de l'entreprise ",""
"https://codelist.commonapproach.org/PalierFixeElement#PF001230","PF001230","","","L'organisation dispose-t-elle d’un ou plusieurs mécanismes formels pour se préparer à gérer des situations de crise (ex. : pandémie, conflits internes, urgences opérationnelles, crises de réputation ou pertes de financement) ?",""
"https://codelist.commonapproach.org/PalierFixeElement#PF001240","PF001240","","","L'entreprise a-t-elle déjà vécu des crises ?",""
"https://codelist.commonapproach.org/PalierFixeElement#PF001250","PF001250","","","Fonds de roulement",""
"https://codelist.commonapproach.org/PalierFixeElement#PF001260","PF001260","","","Diversité des sources de revenus",""
"https://codelist.commonapproach.org/PalierFixeElement#PF001270","PF001270","","","Taux de rotation du personnel",""
"https://codelist.commonapproach.org/PalierFixeElement#PF001280","PF001280","","","Politique claire de gestion des risques",""
"https://codelist.commonapproach.org/PalierFixeElement#PF001290","PF001290","","","Processus de planification stratégique",""
"https://codelist.commonapproach.org/PalierFixeElement#PF001300","PF001300","","","Flexibilité en gouvernance et la prise de décision",""
"https://codelist.commonapproach.org/PalierFixeElement#PF001310","PF001310","","","Cohésion d’équipe et culture organisationnelle",""
"https://codelist.commonapproach.org/PalierFixeElement#PF001320","PF001320","","","Diversité et solidité des partenariats",""
"https://codelist.commonapproach.org/PalierFixeElement#PF001330","PF001330","","","Capacité à innover ou ajuster les services",""
"https://codelist.commonapproach.org/PalierFixeElement#PF001340","PF001340","","","Communication efficace avec les membres, clients et partenaires",""
"https://codelist.commonapproach.org/PalierFixeElement#PF001350","PF001350","","","Quel est le montant de la rémunération totale de la personne la mieux rémunérée dans l'entreprise  (incluant le salaire, les primes et tous les avantages) pour la dernière année financière de l’entreprise ?  Le taux horaire peut être utilisé en deuxième option ",""
"https://codelist.commonapproach.org/PalierFixeElement#PF001360","PF001360","","","Quel est le montant de la rémunération la plus basse la personne salariée à temps plein (incluant le salaire, y compris tous les avantages (mais pas les heures supplémentaires) pour la dernière année financière de l’entreprise ? Le taux horaire peut être utilisé en deuxième option ",""
"https://codelist.commonapproach.org/PalierFixeElement#PF001370","PF001370","","","Calcul du ratio de rénumération",""
"https://codelist.commonapproach.org/PalierFixeElement#PF001380","PF001380","","","Comment l'organisation permet-elle aux personnes de s’auto-identifier en ce qui concerne leur genre, dans ses pratiques ou systèmes internes (formulaires, bases de données, processus RH, etc.)?",""
"https://codelist.commonapproach.org/PalierFixeElement#PF001390","PF001390","","","Quel est le salaire annuel moyen ou taux horaire moyen pour les personnes s'identifiant femmes employées de l'entreprise ?",""
"https://codelist.commonapproach.org/PalierFixeElement#PF001400","PF001400","","","Quel est le salaire annuel moyen ou taux horaire moyen pour les personnes s'identifiant hommes employés de l'entreprise ?",""
"https://codelist.commonapproach.org/PalierFixeElement#PF001410","PF001410","","","Quel est le salaire annuel moyen ou taux horaire moyen pour les personnes employées s'identifiant comme faisant partie de la diversité de genres de l'entreprise ?",""
"https://codelist.commonapproach.org/PalierFixeElement#PF001420","PF001420","","","Calcul de l'écart de rénumération hommes et femmes",""
"https://codelist.commonapproach.org/PalierFixeElement#PF001430","PF001430","","","Calcul de l'écart de rénumération hommes et personnes issues de la diversité de genres",""
"https://codelist.commonapproach.org/PalierFixeElement#PF001440","PF001440","","","L'entreprise permet-elle aux membres du conseil d’administration et aux personnes salariées de s’auto-identifier comme faisant partie de groupes méritant d’équité?",""
"https://codelist.commonapproach.org/PalierFixeElement#PF001450","PF001450","","","Nombre total de membres sur le conseil d'administration ",""
"https://codelist.commonapproach.org/PalierFixeElement#PF001460","PF001460","","","2ELGBTQIA+",""
"https://codelist.commonapproach.org/PalierFixeElement#PF001470","PF001470","","","Personnes noires",""
"https://codelist.commonapproach.org/PalierFixeElement#PF001480","PF001480","","","Immigrants de première génération, réfugiés et nouveaux arrivants",""
"https://codelist.commonapproach.org/PalierFixeElement#PF001490","PF001490","","","Autochtones : Premières Nations",""
"https://codelist.commonapproach.org/PalierFixeElement#PF001500","PF001500","","","Autochtones : Inuits",""
"https://codelist.commonapproach.org/PalierFixeElement#PF001510","PF001510","","","Autochtones : Métis",""
"https://codelist.commonapproach.org/PalierFixeElement#PF001520","PF001520","","","Autochtones : Non spécifié",""
"https://codelist.commonapproach.org/PalierFixeElement#PF001530","PF001530","","","Communautés de langue officielle en situation minoritaire",""
"https://codelist.commonapproach.org/PalierFixeElement#PF001540","PF001540","","","Autres groupes racisés",""
"https://codelist.commonapproach.org/PalierFixeElement#PF001550","PF001550","","","Personnes vivant avec un handicap (y compris les handicaps invisibles et épisodiques)",""
"https://codelist.commonapproach.org/PalierFixeElement#PF001560","PF001560","","","Femmes",""
"https://codelist.commonapproach.org/PalierFixeElement#PF001570","PF001570","","","Personnes de diverses identités de genre",""
"https://codelist.commonapproach.org/PalierFixeElement#PF001580","PF001580","","","2ELGBTQIA+",""
"https://codelist.commonapproach.org/PalierFixeElement#PF001590","PF001590","","","Personnes noires",""
"https://codelist.commonapproach.org/PalierFixeElement#PF001600","PF001600","","","Immigrants de première génération, réfugiés et nouveaux arrivants",""
"https://codelist.commonapproach.org/PalierFixeElement#PF001610","PF001610","","","Autochtones : Premières Nations",""
"https://codelist.commonapproach.org/PalierFixeElement#PF001700","PF001700","","","Est-ce que des personnes s'identifiant comme faisant partie de groupes méritant l’équité occupent des postes exécutifs (direction générale, présidence, vice-présidence, secrétariat, trésorerie) ?",""
"https://codelist.commonapproach.org/PalierFixeElement#PF001710","PF001710","","","Si oui, combien de postes sont occupés  ?",""
"https://codelist.commonapproach.org/PalierFixeElement#PF001720","PF001720","","","Nombre total de personnes dirigeantes (hors-CA) de l'entreprise:",""
"https://codelist.commonapproach.org/PalierFixeElement#PF001730","PF001730","","","2ELGBTQIA+",""
"https://codelist.commonapproach.org/PalierFixeElement#PF001740","PF001740","","","Personnes noires",""
"https://codelist.commonapproach.org/PalierFixeElement#PF001750","PF001750","","","Immigrants de première génération, réfugiés et nouveaux arrivants",""
"https://codelist.commonapproach.org/PalierFixeElement#PF001760","PF001760","","","Autochtones : Premières Nations",""
"https://codelist.commonapproach.org/PalierFixeElement#PF001770","PF001770","","","Autochtones : Inuits",""
"https://codelist.commonapproach.org/PalierFixeElement#PF001780","PF001780","","","Autochtones : Métis",""
"https://codelist.commonapproach.org/PalierFixeElement#PF001790","PF001790","","","Autochtones : Non spécifié",""
"https://codelist.commonapproach.org/PalierFixeElement#PF001800","PF001800","","","Communautés de langue officielle en situation minoritaire",""
"https://codelist.commonapproach.org/PalierFixeElement#PF001810","PF001810","","","Autres groupes racisés",""
"https://codelist.commonapproach.org/PalierFixeElement#PF001820","PF001820","","","Personnes vivant avec un handicap (y compris les handicaps invisibles et épisodiques)",""
"https://codelist.commonapproach.org/PalierFixeElement#PF001830","PF001830","","","Femmes",""
"https://codelist.commonapproach.org/PalierFixeElement#PF001840","PF001840","","","Personnes de diverses identités de genre",""
"https://codelist.commonapproach.org/PalierFixeElement#PF002220","PF002220","","","Est-ce que l'entreprise a été créée par et pour un ou des groupes méritant l'équité ? ",""
"https://codelist.commonapproach.org/PalierFixeElement#PF002350","PF002350","","","Calcul du pointage total en pourcentage",""
"https://codelist.commonapproach.org/PalierFixeElement#PF002360","PF002360","","","Interprétation du pointage obtenu",""
"https://codelist.commonapproach.org/PalierFixeElement#PF002540","PF002540","","","Calcul des points totaux",""
"https://codelist.commonapproach.org/PalierFixeElement#PF002550","PF002550","","","Note de l'entreprise",""
"https://codelist.commonapproach.org/PalierFixeElement#PF002560","PF002560","","","Interprétation de la note ",""
"https://codelist.commonapproach.org/PalierFixeElement#PF002570","PF002570","","","Nombre total de personnes salariées (emplois permanents seulement) au début de la dernière année financière ",""
"https://codelist.commonapproach.org/PalierFixeElement#PF002580","PF002580","","","Nombre total de personnes salariées (emplois permanents seulement) à la fin de la dernière année financière",""
"https://codelist.commonapproach.org/PalierFixeElement#PF002590","PF002590","","","Calcul du nombre moyen de personnes salariées",""
"https://codelist.commonapproach.org/PalierFixeElement#PF002600","PF002600","","","Nombre de personnes salariées (emplois permanents seulement) ayant quittées (volontairement ou non) leurs fonctions pendant l'année financière",""
"https://codelist.commonapproach.org/PalierFixeElement#PF002610","PF002610","","","Taux de roulement du personnel en pourcentage",""
"https://codelist.commonapproach.org/PalierFixeElement#PF002620","PF002620","","","Nombre de postes non-comblés dans l'entreprise à la fin de la dernière année financière ?",""
"https://codelist.commonapproach.org/PalierFixeElement#PF002630","PF002630","","","Nombre total de postes (comblés et non-comblés) dans l'entreprise à la fin de la dernière année financière?",""
"https://codelist.commonapproach.org/PalierFixeElement#PF002640","PF002640","","","Quel est le taux de vacance au sein de l’entreprise pour la dernière année financière ?",""
"https://codelist.commonapproach.org/PalierFixeElement#PF002650","PF002650","","","Quel est le salaire médian de l’entreprise pour la dernière année financière ? (revenu médian annuel brut pour les personnes employées à temps plein.)",""
"https://codelist.commonapproach.org/PalierFixeElement#PF002660","PF002660","","","Convertir le salaire médian brut en salaire médian net à l'aide de cet outil : https://ca.talent.com/fr/tax-calculator ",""
"https://codelist.commonapproach.org/PalierFixeElement#PF002670","PF002670","","","Choisir un salaire viable de référence. Prendre la ville qui se trouve dans la même MRC du siège social de l'entreprise. Si la MRC n’est pas couverte, prendre la moyenne québécoise.",""
"https://codelist.commonapproach.org/PalierFixeElement#PF002680","PF002680","","","Écrire le montant du salaire viable de référence ",""
"https://codelist.commonapproach.org/PalierFixeElement#PF002690","PF002690","","","Écart en pourcentage entre le salaire viable et le salaire médian",""
"https://codelist.commonapproach.org/PalierFixeElement#PF002700","PF002700","","","Nombre de personnes employées au salaire minimum pendant la dernière année financière de l'entreprise ?",""
"https://codelist.commonapproach.org/PalierFixeElement#PF002710","PF002710","","","Est-ce que l’entreprise a une politique d’approvisionnement responsable et éthique ? (favoriser les achats locaux, les circuits-courts, choisir des fournisseurs certifiés, etc.) ",""
"https://codelist.commonapproach.org/PalierFixeElement#PF002720","PF002720","","","Est-ce que l’entreprise a une politique environnementale ? ",""
"https://codelist.commonapproach.org/PalierFixeElement#PF002730","PF002730","","","Les actions environnementales sont-elles intégrées à la planification stratégique de l’entreprise ?",""
"https://codelist.commonapproach.org/PalierFixeElement#PF002740","PF002740","","","Est-ce que l'entreprise compense ses émissions ? ",""
"https://codelist.commonapproach.org/PalierFixeElement#PF002750","PF002750","","","Si oui, capter l'information ",""
"https://codelist.commonapproach.org/PalierFixeElement#PF002760","PF002760","","","Est-ce que l'entreprise agit dans un secteur d'activité reconnu pour avoir des impacts matériels sur l'environnement ? (produits pétroliers, substances dangereuses et/outoxiques, secteur manufacturier, foresterie, pâtes et papier, agriculture et élevage, construction, transport, etc.",""
"https://codelist.commonapproach.org/PalierFixeElement#PF002770","PF002770","","","Est-ce que l'entreprise mesure ses émissions ? ",""
"https://codelist.commonapproach.org/PalierFixeElement#PF002780","PF002780","","","Si oui, capter l'information",""
"https://codelist.commonapproach.org/PalierFixeElement#PF002790","PF002790","","","Est-ce que les employé-es sont sensibilisé-es  (transport actif, compostage, recyclage, réparation du matériel, etc.) ?",""
"https://codelist.commonapproach.org/PalierFixeElement#PF002800","PF002800","","","Existe-t-il des suivis réguliers et rapports publics sur volet environnemental",""
"https://codelist.commonapproach.org/PalierFixeElement#PF003030","PF003030","","","Sélectionner le niveau selon le pointage",""
"https://codelist.commonapproach.org/PalierFixeElement#ainees","ainees","","","Les personnes aînées",""
"https://codelist.commonapproach.org/PalierFixeElement#ameliorationdelaccesauxservices","ameliorationdelaccesauxservices","","","Amélioration de l’accès aux services",""
"https://codelist.commonapproach.org/PalierFixeElement#ameliorationdesconditionsdevie","ameliorationdesconditionsdevie","","","Amélioration des conditions de vie",""
"https://codelist.commonapproach.org/PalierFixeElement#ancrage","ancrage","","","Ancrage",""
"https://codelist.commonapproach.org/PalierFixeElement#autochtonesinuits","autochtonesinuits","","","Autochtones Inuits",""
"https://codelist.commonapproach.org/PalierFixeElement#autochtonesmetis","autochtonesmetis","","","Autochtones Métis",""
"https://codelist.commonapproach.org/PalierFixeElement#autochtonesnonspecifie","autochtonesnonspecifie","","","Autochtones Non spécifié",""
"https://codelist.commonapproach.org/PalierFixeElement#autochtonespremieresnations","autochtonespremieresnations","","","Autochtones Premières Nations",""
"https://codelist.commonapproach.org/PalierFixeElement#autresgroupesracise","autresgroupesracise","","","Autres groupes racisé",""
"https://codelist.commonapproach.org/PalierFixeElement#communautesdelangueofficielle","communautesdelangueofficielle","","","Communautés de langue officielle en situation ...",""
"https://codelist.commonapproach.org/PalierFixeElement#developpementlocaletterritorial","developpementlocaletterritorial","","","Développement local et territorial",""
"https://codelist.commonapproach.org/PalierFixeElement#diversesidentitesdegenre","diversesidentitesdegenre","","","Personnes de diverses identités de genre",""
"https://codelist.commonapproach.org/PalierFixeElement#emploisdignesetdequalite","emploisdignesetdequalite","","","Emplois dignes et de qualité",""
"https://codelist.commonapproach.org/PalierFixeElement#equitediversiteinclusion","equitediversiteinclusion","","","Équité, diversité, inclusion",""
"https://codelist.commonapproach.org/PalierFixeElement#femmes","femmes","","","Femmes ciblées dans vos actions?",""
"https://codelist.commonapproach.org/PalierFixeElement#gouvernancedemocratiqueetproprietecollective","gouvernancedemocratiqueetproprietecollective","","","GOUVERNANCE DÉMOCRATIQUE ET PROPRIÉTÉ COLLECTIVE",""
"https://codelist.commonapproach.org/PalierFixeElement#immigrantsdepremieregenerationrefugies","immigrantsdepremieregenerationrefugies","","","Immigrants de première génération, réfugiés et ...",""
"https://codelist.commonapproach.org/PalierFixeElement#indicateur1a1miseenplacedeservicesouaccesauxbiensservicesdanslesterritoires","indicateur1a1miseenplacedeservicesouaccesauxbiensservicesdanslesterritoires","","","Indicateur 1. A.1 : Mise en place de services ou accès aux biens/services dans les territoires","Premier ODD lié à l'indicateur : ODD 9; Deuxième ODD lié à l'indicateur : ODD 10"
"https://codelist.commonapproach.org/PalierFixeElement#indicateur1b1populationsdesservies","indicateur1b1populationsdesservies","","","Indicateur 1.B.1 : Populations désservies ",""
"https://codelist.commonapproach.org/PalierFixeElement#indicateur1c1partenariatsavecdautresorganismesouorganisationsduterritoire","indicateur1c1partenariatsavecdautresorganismesouorganisationsduterritoire","","","Indicateur 1.C.1 : Partenariats avec d’autres organismes ou organisations du territoire",""
"https://codelist.commonapproach.org/PalierFixeElement#indicateur1d1achatschezdesfournisseursetproducteurslocaux","indicateur1d1achatschezdesfournisseursetproducteurslocaux","","","Indicateur 1.D.1 : Achats chez des fournisseurs et producteurs locaux","Premier ODD lié à l'indicateur : ODD 9; Deuxième ODD lié à l'indicateur : ODD 12"
"https://codelist.commonapproach.org/PalierFixeElement#indicateur1d2emploisnetscreesselonlacategoriedemploi","indicateur1d2emploisnetscreesselonlacategoriedemploi","","","Indicateur 1.D.2 : Emplois nets créés selon la catégorie d’emploi",""
"https://codelist.commonapproach.org/PalierFixeElement#indicateur2a1vitalitedemocratique","indicateur2a1vitalitedemocratique","","","Indicateur 2.A.1 : Vitalité démocratique ",""
"https://codelist.commonapproach.org/PalierFixeElement#indicateur2b1participationdespartiesprenantesetdespersonnestravailleusesalaviedemocratique","indicateur2b1participationdespartiesprenantesetdespersonnestravailleusesalaviedemocratique","","","Indicateur 2.B.1: Participation des parties prenantes et des personnes travailleuses à la vie démocratique",""
"https://codelist.commonapproach.org/PalierFixeElement#indicateur2c1utilisationetdistributiondessurplusetoureliquat","indicateur2c1utilisationetdistributiondessurplusetoureliquat","","","Indicateur 2.C.1 : Utilisation et distribution des surplus et/ou reliquat","Premier ODD lié à l'indicateur : ODD 10; Deuxième ODD lié à l'indicateur : ODD 8"
"https://codelist.commonapproach.org/PalierFixeElement#indicateur2d1mobilisationetparticipationduconseildadministration","indicateur2d1mobilisationetparticipationduconseildadministration","","","Indicateur 2.D.1 : Mobilisation et participation du conseil d’administration",""
"https://codelist.commonapproach.org/PalierFixeElement#indicateur3a1capacitedefinancieredefairefaceauximprevus","indicateur3a1capacitedefinancieredefairefaceauximprevus","","","Indicateur 3.A.1 : Capacité de financière de faire face aux imprévus",""
"https://codelist.commonapproach.org/PalierFixeElement#indicateur3a2resilienceorganisationnelle","indicateur3a2resilienceorganisationnelle","","","Indicateur 3.A.2 : Résilience organisationnelle","Premier ODD lié à l'indicateur : ODD 8; Deuxième ODD lié à l'indicateur : ODD 9; Troisième ODD lié à l'indicateur : ODD 11"
"https://codelist.commonapproach.org/PalierFixeElement#indicateur4a1ratioderemuneration","indicateur4a1ratioderemuneration","","","Indicateur 4.A.1 : Ratio de rémunération ","Premier ODD lié à l'indicateur : ODD 8; Deuxième ODD lié à l'indicateur : ODD 10"
"https://codelist.commonapproach.org/PalierFixeElement#indicateur4a2ecartderemunerationentrelesgenres","indicateur4a2ecartderemunerationentrelesgenres","","","Indicateur 4.A.2 : Écart de rémunération entre les genres","Premier ODD lié à l'indicateur : ODD 10; Deuxième ODD lié à l'indicateur : ODD 11"
"https://codelist.commonapproach.org/PalierFixeElement#indicateur4b1compositionduconseildadministrationetdespersonnessalariees","indicateur4b1compositionduconseildadministrationetdespersonnessalariees","","","Indicateur 4.B.1 : Composition du conseil d’administration et des personnes salariées","Premier ODD lié à l'indicateur : ODD 5; Deuxième ODD lié à l'indicateur : ODD 10"
"https://codelist.commonapproach.org/PalierFixeElement#indicateur4b2integrationactivedespratiquesdequitesocialedanslacultureorganisationnelle","indicateur4b2integrationactivedespratiquesdequitesocialedanslacultureorganisationnelle","","","Indicateur 4.B.2 : Intégration active des pratiques d’équité sociale dans la culture organisationnelle","Premier ODD lié à l'indicateur : ODD 10; Deuxième ODD lié à l'indicateur : ODD 5; Troisième ODD lié à l'indicateur : ODD 16"
"https://codelist.commonapproach.org/PalierFixeElement#indicateur4c1servicesetavantagessociauxoffertsauxpersonnesemployees","indicateur4c1servicesetavantagessociauxoffertsauxpersonnesemployees","","","Indicateur 4.C.1 : Services et avantages sociaux offerts aux personnes employées","Premier ODD lié à l'indicateur : ODD 8; Deuxième ODD lié à l'indicateur : ODD 3"
"https://codelist.commonapproach.org/PalierFixeElement#indicateur4c2tauxderotationdupersonnel","indicateur4c2tauxderotationdupersonnel","","","Indicateur 4.C.2 : Taux de rotation du personnel",""
"https://codelist.commonapproach.org/PalierFixeElement#indicateur4c3revenuviable","indicateur4c3revenuviable","","","Indicateur 4.C.3 : Revenu viable","Premier ODD lié à l'indicateur : ODD 1; Deuxième ODD lié à l'indicateur : ODD 8; Troisième ODD lié à l'indicateur : ODD 10"
"https://codelist.commonapproach.org/PalierFixeElement#indicateur5a1actionsetinitiativesdelorganisationauniveaudesonempreinteecologique","indicateur5a1actionsetinitiativesdelorganisationauniveaudesonempreinteecologique","","","Indicateur 5.A.1 : Actions et initiatives de l’organisation au niveau de son empreinte écologique","Premier ODD lié à l'indicateur : ODD 12; Deuxième ODD lié à l'indicateur : ODD 13; Troisième ODD lié à l'indicateur : ODD 15"
"https://codelist.commonapproach.org/PalierFixeElement#jeunesde35ansetmoins","jeunesde35ansetmoins","","","Les jeunes de 35 ans et moins",""
"https://codelist.commonapproach.org/PalierFixeElement#noires","noires","","","Personnes noires",""
"https://codelist.commonapproach.org/PalierFixeElement#pratiquesenvironnementalesdurables","pratiquesenvironnementalesdurables","","","Pratiques environnementales durables",""
"https://codelist.commonapproach.org/PalierFixeElement#primautedelhumainsurlecapital","primautedelhumainsurlecapital","","","PRIMAUTÉ DE L’HUMAIN SUR LE CAPITAL",""
"https://codelist.commonapproach.org/PalierFixeElement#processuscollectifdanslaprisededecision","processuscollectifdanslaprisededecision","","","Processus collectif dans la prise de décision",""
"https://codelist.commonapproach.org/PalierFixeElement#proprietecollective","proprietecollective","","","Propriété collective",""
"https://codelist.commonapproach.org/PalierFixeElement#redistributiondessurplusetoureliquat","redistributiondessurplusetoureliquat","","","Redistribution des surplus et/ou reliquat",""
"https://codelist.commonapproach.org/PalierFixeElement#reductiondesinegalites","reductiondesinegalites","","","Réduction des inégalités",""
"https://codelist.commonapproach.org/PalierFixeElement#repondreadesbesoinsetdesaspirations","repondreadesbesoinsetdesaspirations","","","RÉPONDRE À DES BESOINS ET DES ASPIRATIONS",""
"https://codelist.commonapproach.org/PalierFixeElement#resilience","resilience","","","Résilience",""
"https://codelist.commonapproach.org/PalierFixeElement#respectdelenvironnementetreponseauxchangementsclimatiques","respectdelenvironnementetreponseauxchangementsclimatiques","","","RESPECT DE L’ENVIRONNEMENT ET RÉPONSE AUX CHANGEMENTS CLIMATIQUES",""
"https://codelist.commonapproach.org/PalierFixeElement#situationditinerance","situationditinerance","","","Les personnes en situation d'itinérance",""
"https://codelist.commonapproach.org/PalierFixeElement#viabiliteeconomique","viabiliteeconomique","","","VIABILITÉ ÉCONOMIQUE",""
"https://codelist.commonapproach.org/PalierFixeElement#vitaliteassociative","vitaliteassociative","","","Vitalité associative",""
"https://codelist.commonapproach.org/PalierFixeElement#vivantavecunhandicap","vivantavecunhandicap","","","Les personnes vivant avec un handicap",""
"https://codelist.commonapproach.org/PalierFixeElement#vivantdelaprecariteeconomique","vivantdelaprecariteeconomique","","","Les personnes vivant de la précarité économique",""
